layer,feature_idx,unc_effect,inc_effect,acc_selection,acc_delta_selection,ent_selection,ent_delta_selection,beneficial
0,4397,0.08605631580964179,0.16842397744255228,0.6288278023073636,0.05697194131889516,0.8227216113097287,4.231398781928686e-05,False
0,21573,0.028720408014824294,0.27697001148474504,0.6285429426007692,0.02848597065945313,0.8222516273344544,-0.000427669987454915,True
3,25064,0.2000507629461181,0.4408003419134069,0.6288278023073636,0.05697194131889516,0.8214419694659706,-0.0012373278559387746,True
7,22351,0.197900504785856,0.168942697931958,0.6281156530408774,-0.014242985329726565,0.8226865205839234,7.223262014077747e-06,False
10,30908,0.3210926941548769,0.24625691637634484,0.6265489246546077,-0.17091582395669658,0.8346128898917893,0.011933592569879914,False
12,23860,0.19963210058134145,0.3427401809910302,0.6252670559749324,-0.29910269192422456,0.8195714660107203,-0.00310783131118908,False
15,30462,0.5810125610638478,0.308429487066428,0.6293975217205526,0.11394388263780142,0.813685307464008,-0.008993989857901341,True
15,11627,0.7655193671768165,0.26257998554109535,0.6264064948013104,-0.18515880928642314,0.844591414168641,0.021912116846731666,False
16,21747,2.60436862447252,0.5786935701934698,0.6303945306936334,0.21364477994587627,0.7464037868470853,-0.07627551047482406,True
16,6093,0.4143178692797278,0.34184731469054225,0.6289702321606608,0.07121492664862172,0.822521255810035,-0.00015804151187437387,True
16,6986,1.119429585620093,0.3146224807437287,0.6296823814271472,0.14242985329725455,0.7475433315709817,-0.07513596575092762,True
16,21931,0.951178935362637,0.29484895079748336,0.6298248112804444,0.15667283862698111,0.8177359952839279,-0.004943302037981434,True
16,24846,0.5687300397075746,0.22995342404859342,0.6275459336276884,-0.07121492664862172,0.8204255248406013,-0.0022537724813080917,False
16,4776,0.22656293851045214,0.23954611827034525,0.6286853724540664,0.042728955989179696,0.8231304722143425,0.00045117489243318154,False
17,8130,1.5660741225941832,0.41431514565973887,0.6291126620139581,0.08545791197834829,0.8162386613295624,-0.00644063599234701,True
17,13218,1.8115279937354367,0.4098685913037079,0.6303945306936334,0.21364477994587627,0.7723569158310666,-0.05032238149084278,True
17,22869,3.9382593893301276,0.35334379378336944,0.6336704173194702,0.541233442529554,0.7544030547551912,-0.06827624256671816,True
17,16259,0.631733943952772,0.2194345862474016,0.6266913545079048,-0.15667283862698111,0.8227099557259298,3.065840402038944e-05,False
17,29803,0.26216734738898223,0.2009529137978433,0.6281156530408774,-0.014242985329726565,0.8228088416162602,0.00012954429435085846,False
18,10969,4.050828410212579,0.6131503981916795,0.6349522859991454,0.669420310497082,0.6924930197194594,-0.13018627760244994,True
18,2618,2.0436618311229027,0.38649651651466826,0.6298248112804444,0.15667283862698111,0.7526647789792322,-0.07001451834267713,True
18,22061,0.705033654909792,0.2834111100812308,0.6345249964392536,0.6266913545079023,0.7744458099749438,-0.04823348734696553,True
19,16897,1.7948151744872214,0.3935830804085685,0.6291126620139581,0.08545791197834829,0.751171668503235,-0.07150762881867434,True
19,20087,1.426670471138877,0.35714739686252284,0.6292550918672554,0.09970089730807485,0.815965062916611,-0.0067142344052983916,True
19,5267,1.603762647011802,0.33598709107287594,0.6308218202535252,0.25637373593505597,0.7787656903481067,-0.043913606973802644,True
20,28843,3.5279667836399815,0.46978374492975505,0.6319612590799032,0.3703176185728574,0.6981742458182296,-0.12450505150367974,True
20,9495,1.8465098655131553,0.390002495768441,0.6278307933342828,-0.042728955989179696,0.7483139785591522,-0.0743653187627572,False
20,32003,0.28282852673946357,0.2643170922503152,0.6282580828941746,0.0,0.8224080857333858,-0.00027121158852361216,True
21,18562,1.6613433622393519,0.506479371904601,0.6328158381996867,0.4557755305512057,0.7343209941985773,-0.08835830312333204,True
21,29779,3.6218358921435763,0.35817915489202373,0.6303945306936334,0.21364477994587627,0.789874689897721,-0.03280460742418834,True
21,8518,0.8238112353035724,0.34423169544742316,0.6284005127474719,0.014242985329726565,0.8206635846687024,-0.0020157126532069913,True
21,28108,1.320947191147051,0.2884532508550946,0.6296823814271472,0.14242985329725455,0.8049565436548793,-0.017722753667030022,True
21,23211,0.11499895984749879,0.22201184105364616,0.6285429426007692,0.02848597065945313,0.8216576285801139,-0.001021668741795434,True
22,29763,3.5333283393140578,0.6241270783498174,0.6336704173194702,0.541233442529554,0.6396745724517047,-0.1830047248702047,True
22,16994,1.7106331952444238,0.490124398348818,0.6309642501068224,0.27061672126478253,0.7153352378929945,-0.1073440594289149,True
22,8083,0.41362146963247487,0.33224333660724975,0.6285429426007692,0.02848597065945313,0.8213668157541673,-0.0013124815677421076,True
22,7393,0.3197447179837423,0.30326599665664444,0.6286853724540664,0.042728955989179696,0.8220066292746782,-0.0006726680472312063,True
22,5692,0.23752910767630575,0.3080073499162732,0.6282580828941746,0.0,0.8218663065784341,-0.0008129907434752948,True
22,21419,0.17644000567763654,0.18168857454831977,0.6282580828941746,0.0,0.8227398220231877,6.052470127837495e-05,False
22,11186,0.12685899545148316,0.2732453732768134,0.6281156530408774,-0.014242985329726565,0.8226220108227232,-5.7286499186126605e-05,False
23,4837,1.7182403357872191,0.4648526413390003,0.6311066799601196,0.284859706594498,0.6992136079260325,-0.12346568939587688,True
23,10086,2.0858996059736383,0.4436463521486431,0.6328158381996867,0.4557755305512057,0.64678483804621,-0.17589445927569936,True
23,13628,0.7685627019400045,0.2912687502216575,0.6293975217205526,0.11394388263780142,0.8175873936978622,-0.0050919036240472115,True
23,17464,0.5929522524550309,0.22828506698527865,0.6284005127474719,0.014242985329726565,0.8224871872073065,-0.00019211011460285032,True
23,731,2.9355770699696477,0.1579480133454853,0.6296823814271472,0.14242985329725455,0.8093700439769607,-0.013309253344948702,True
24,18192,3.8564558412534033,0.5056664863593779,0.6343825665859564,0.6124483691781757,0.635658469437394,-0.18702082788451535,True
24,29371,1.6735689928949316,0.413020311616983,0.6318188292266059,0.3560746332431308,0.6542398877779688,-0.16843940954394054,True
24,13232,1.26553931387382,0.3828128007278656,0.6114513602050989,-1.6806722689075682,0.8112794952746971,-0.011399802047212249,False
24,1302,0.6947089989550056,0.2946575015987025,0.6278307933342828,-0.042728955989179696,0.8168393043174293,-0.005839993004480015,False
24,27356,0.7772769127613606,0.16167789743046962,0.6288278023073636,0.05697194131889516,0.8206355843554799,-0.0020437129664294673,True
25,9670,1.9434657142628544,0.35715614708333154,0.6309642501068224,0.27061672126478253,0.7585320394055614,-0.06414725791634801,True
25,25415,6.47007215803289,0.3332692933340011,0.6336704173194702,0.541233442529554,0.7398872122572057,-0.0827920850647037,True
25,8653,0.35856034422092775,0.19425717247145274,0.6282580828941746,0.0,0.8218466193010515,-0.0008326780208578466,True
26,3900,0.6708355519543996,0.41954589836566797,0.6276883634809857,-0.05697194131889516,0.843623162057819,0.02094386473590959,False
26,7951,1.1290532366019241,0.41705629458809773,0.5979205241418601,-3.0337558752314475,0.8001605139066608,-0.0225187834152486,False
26,14351,3.4118062336682216,0.373446697230147,0.6303945306936334,0.21364477994587627,0.7807155704046703,-0.04196372691723904,True
26,6419,1.0914031326307225,0.356854026811373,0.6123059393248825,-1.5952143569292088,0.678877512877482,-0.14380178444442737,False
26,16001,0.5610722064506274,0.35362947489228824,0.6224184589089873,-0.5839623985187337,0.9376812311094437,0.11500193378753432,False
26,23375,2.0041898861579637,0.34269386414114983,0.6286853724540664,0.042728955989179696,0.8147261549526736,-0.007953142369235722,True
26,276,1.0764895147866707,0.3129178270096713,0.6331006979062812,0.4842615012106588,0.5580677920257229,-0.2646115052961865,True
26,1137,0.13770585345395556,0.15977471435633583,0.6282580828941746,0.0,0.8226104071674203,-6.889015448907632e-05,True
27,13272,3.937873965870603,0.3342296668475614,0.6299672411337416,0.17091582395669658,0.784755361573382,-0.03792393574852737,True
27,13231,2.358301312298835,0.3241534979987111,0.6293975217205526,0.11394388263780142,0.8182845667760414,-0.00439473054586792,True
27,4360,0.9076400889964927,0.32387702430057697,0.6332431277595784,0.49850448654037427,0.4916682922504047,-0.33101100507150466,True
27,5023,0.7690536104189976,0.315948139294918,0.6191425722831505,-0.9115510611024114,0.7034401099344209,-0.11923918738748851,False
27,9014,1.013079464898046,0.2867636021686866,0.6021934197407777,-2.606466315339695,0.8179440830717878,-0.004735214250121578,False
27,31449,0.4394380251074122,0.27521848331948356,0.6285429426007692,0.02848597065945313,0.8168195134624118,-0.0058597838594975915,True
27,1425,0.6275508142890763,0.2593383027978688,0.6278307933342828,-0.042728955989179696,0.8215250134137254,-0.0011542839081839507,False
28,7037,3.749136268601766,0.3287511339224851,0.6298248112804444,0.15667283862698111,0.7755768243505969,-0.047102472971312426,True
28,5890,3.5228644742894453,0.3283972632957165,0.6312491098134169,0.29910269192422456,0.7991972671500175,-0.023482030171891877,True
28,19290,2.45512755201293,0.30835906158407933,0.6244124768551489,-0.38456060390257285,0.6783177604275828,-0.14436153689432651,False
28,13351,1.2706167485503481,0.3055940505935714,0.6029055690072639,-2.5352513886910732,0.7996672000369889,-0.023012097284920485,False
28,28733,1.0478603329195955,0.2659366891254898,0.6278307933342828,-0.042728955989179696,0.8179259627797224,-0.00475333454218696,False
29,13931,2.4132728855763483,0.4855301894877333,0.6296823814271472,0.14242985329725455,0.8104539429400158,-0.012225354381893538,True
29,24981,1.2987363314093843,0.4086366376857896,0.6261216350947159,-0.21364477994587627,0.8129545623884789,-0.009724734933430512,False
29,13995,0.9052121810886395,0.38501564727193605,0.6281156530408774,-0.014242985329726565,0.8248250392201814,0.002145741898271991,False
29,9092,2.1335564038401658,0.3239980607150584,0.6284005127474719,0.014242985329726565,0.8205146030101725,-0.0021646943117368256,True
29,12331,0.8662883199317506,0.3093923751001525,0.6274035037743911,-0.08545791197834829,0.8212415239358635,-0.001437773386045893,False
29,28379,2.4628525275991544,0.28343907352577635,0.6258367753881213,-0.2421307506053294,0.6715122949982273,-0.15116700232368208,False
29,14638,1.032170967335095,0.248297814824128,0.6281156530408774,-0.014242985329726565,0.82195445363077,-0.000724843691139343,False
29,10781,0.4946224032222269,0.23775012453414385,0.612590799031477,-1.5667283862697667,0.8322222912287465,0.009542993906837105,False
30,9478,1.4992898726882504,0.45676459172269746,0.5460760575416608,-8.218202535251384,0.7376308636230481,-0.08504843369886128,False
30,8867,2.840177831272753,0.38007365356124406,0.6288278023073636,0.05697194131889516,0.8052194126112433,-0.017459884710666063,True
30,18543,2.2536012774017986,0.3636693363048508,0.6276883634809857,-0.05697194131889516,0.8350179498213222,0.012338652499412794,False
30,15707,0.9368774082009554,0.2940728052249004,0.6278307933342828,-0.042728955989179696,0.8210700846363,-0.001609212685609318,False
30,18248,0.6522824906253751,0.28994286436677597,0.6275459336276884,-0.07121492664862172,0.8266593763186123,0.00398007899670294,False
30,29642,0.38690725886909866,0.258349670504959,0.6190001424298534,-0.9257940464321268,0.7758699066952489,-0.04680939062666045,False
30,28950,0.3718431608099946,0.25543316012403955,0.6284005127474719,0.014242985329726565,0.8120529631357956,-0.010626334186113806,True
30,25485,1.3793593657231304,0.2158393956731883,0.5620282011109529,-6.622988178322176,0.7335840919887544,-0.08909520533315496,False
31,29282,1.3213586038843714,0.5112973228924501,0.5291269049992878,-9.913117789488679,0.7392689087026892,-0.08341038861922012,False
31,2354,0.9895149689080946,0.5092123433988649,0.6286853724540664,0.042728955989179696,0.8239872479551851,0.0013079506332757118,False
31,28707,2.5090363051171414,0.5060317717956123,0.6288278023073636,0.05697194131889516,0.8181377166968113,-0.004541580625098018,True
31,23605,1.5551584930400792,0.40308245639570195,0.6275459336276884,-0.07121492664862172,0.755833573601555,-0.06684572372035436,False
31,32006,0.4337896586459381,0.3556673049646182,0.6279732231875801,-0.02848597065945313,0.8177729178629386,-0.0049063794589707665,False
31,1895,0.9638782326945491,0.3106296471602346,0.6279732231875801,-0.02848597065945313,0.8205661321602196,-0.0021131651616898006,False
31,19864,1.5743015917715417,0.31012062473517693,0.5640222190571144,-6.423586383706025,0.7912150285143197,-0.03146426880758968,False
31,16986,0.48822026646580075,0.3062823528615044,0.6284005127474719,0.014242985329726565,0.8195086796764031,-0.0031706176455063018,True
31,9926,0.9519545566127152,0.29976393984931377,0.6271186440677966,-0.11394388263780142,0.8218766006659263,-0.0008026966559830928,False
31,29457,1.1007099382849839,0.2599525390004154,0.6281156530408774,-0.014242985329726565,0.8163008275609626,-0.006378469760946803,False
31,20182,0.2621828863518451,0.24830961426202314,0.6281156530408774,-0.014242985329726565,0.823033221534644,0.00035392421273461316,False
31,12810,0.7401372739481683,0.24221341994667464,0.6281156530408774,-0.014242985329726565,0.822614448989072,-6.484833283737501e-05,False
31,20677,0.4184682624160976,0.15451539752377758,0.6281156530408774,-0.014242985329726565,0.8226382952774299,-4.100204447943234e-05,False
