category,layer,feature_idx,effect_size,accuracy,acc_delta,mean_entropy,ent_delta
pure_incorrectness,0,30437,0.22540046469293512,0.6293975217205526,0.11394388263780142,0.8216088654547972,-0.0010704318671121982
pure_incorrectness,0,31746,0.19425717247145283,0.6282580828941746,0.0,0.8226790307946593,-2.665272500479432e-07
pure_incorrectness,0,3683,0.18524380147821945,0.6282580828941746,0.0,0.8226791179391799,-1.7938272944828526e-07
pure_incorrectness,0,3463,0.18503944116008494,0.6282580828941746,0.0,0.8226788474324856,-4.498894237148221e-07
pure_incorrectness,0,8327,0.18490079411546642,0.6282580828941746,0.0,0.8226799274536226,6.301317132528794e-07
pure_incorrectness,1,32703,0.26109375816047853,0.6282580828941746,0.0,0.8226790773912971,-2.1993061227743027e-07
pure_incorrectness,1,9153,0.17785059142187165,0.6282580828941746,0.0,0.822678500342185,-7.969797243267962e-07
pure_incorrectness,1,8613,0.17373576541660032,0.6282580828941746,0.0,0.8226848946488452,5.597326935835589e-06
pure_incorrectness,1,14301,0.1716204304987827,0.6282580828941746,0.0,0.822679821441231,5.241193216098949e-07
pure_incorrectness,2,25096,0.18517255715256736,0.6282580828941746,0.0,0.8226798455184597,5.481965503761899e-07
pure_incorrectness,2,26515,0.18392407623551554,0.6282580828941746,0.0,0.8226810283185573,1.7309966479084338e-06
pure_incorrectness,2,18459,0.17823835047428588,0.6282580828941746,0.0,0.8226784421526306,-8.551692787239773e-07
pure_incorrectness,2,1773,0.17517607665554782,0.6282580828941746,0.0,0.8226785960356128,-7.012862965893873e-07
pure_incorrectness,3,3096,0.3580194313295287,0.6288278023073636,0.05697194131889516,0.8224270630185091,-0.0002522343034002672
pure_incorrectness,3,18097,0.3494037628388923,0.6282580828941746,0.0,0.8223965558421205,-0.00028274147978890607
pure_incorrectness,3,25281,0.16229343244270383,0.6282580828941746,0.0,0.8226811486824163,1.851360506899269e-06
pure_incorrectness,5,2040,0.19793224480602217,0.6282580828941746,0.0,0.822662289600579,-1.700772133039763e-05
pure_incorrectness,5,11180,0.18608843007752635,0.6282580828941746,0.0,0.8226770000896256,-2.2972322837322423e-06
pure_incorrectness,6,27409,0.18449711454122628,0.6282580828941746,0.0,0.8226787212979021,-5.760240072705258e-07
pure_incorrectness,7,23745,0.28332981976699945,0.6285429426007692,0.02848597065945313,0.8215026665633347,-0.0011766307585746594
pure_incorrectness,7,11523,0.1847835919856087,0.6282580828941746,0.0,0.8226799935484754,6.962265660659384e-07
pure_incorrectness,7,25134,0.17727596709794338,0.6282580828941746,0.0,0.8226887590456539,9.461723744497164e-06
pure_incorrectness,8,28871,0.3055681820189296,0.6282580828941746,0.0,0.8231903381051151,0.0005110407832057406
pure_incorrectness,8,18479,0.2730658609916714,0.6272610739210939,-0.09970089730807485,0.8168306288427054,-0.005848668479203956
pure_incorrectness,8,25526,0.16857250811673216,0.6282580828941746,0.0,0.8226815793543084,2.2820323990480063e-06
pure_incorrectness,8,31235,0.16794340116177128,0.6282580828941746,0.0,0.8226910374716153,1.1740149705952163e-05
pure_incorrectness,8,3748,0.15596526100402405,0.6282580828941746,0.0,0.8226763200975998,-2.977224309530513e-06
pure_incorrectness,9,2297,0.22086767504137844,0.6282580828941746,0.0,0.8225667954522948,-0.00011250186961453412
pure_incorrectness,9,17844,0.19425717247145297,0.6282580828941746,0.0,0.8226784858845992,-8.114373101220096e-07
pure_incorrectness,9,18113,0.18618870109702798,0.6282580828941746,0.0,0.8226797586381743,4.6131626496581646e-07
pure_incorrectness,9,8306,0.18464837279545143,0.6282580828941746,0.0,0.8226580984685917,-2.119885331763882e-05
pure_incorrectness,9,7040,0.17267159430028625,0.6282580828941746,0.0,0.8226798515152167,5.541933073560656e-07
pure_incorrectness,10,27828,0.19425717247145294,0.6282580828941746,0.0,0.8226785312184268,-7.661034825412472e-07
pure_incorrectness,10,3517,0.18609952008459732,0.6282580828941746,0.0,0.8226827851359612,3.4878140517946576e-06
pure_incorrectness,10,16466,0.1734619790146892,0.6282580828941746,0.0,0.8226818098983635,2.512576454116733e-06
pure_incorrectness,10,1263,0.16759517485757547,0.6282580828941746,0.0,0.8226780195124506,-1.277809458799517e-06
pure_incorrectness,10,6314,0.1536497281062585,0.6282580828941746,0.0,0.8226740667034032,-5.230618506213425e-06
pure_incorrectness,11,8172,0.25832756787626393,0.6282580828941746,0.0,0.8225439021872162,-0.00013539513469318365
pure_incorrectness,11,12437,0.23640284136304285,0.6281156530408774,-0.014242985329726565,0.8226764705168738,-2.8268050356050622e-06
pure_incorrectness,11,7343,0.23275224115720092,0.6281156530408774,-0.014242985329726565,0.8232765132115628,0.0005972158896534463
pure_incorrectness,11,20405,0.19420712938646498,0.6281156530408774,-0.014242985329726565,0.8226786116992355,-6.856226738571891e-07
pure_incorrectness,11,11972,0.18615753380827676,0.6282580828941746,0.0,0.8226752628234961,-4.0344984132412165e-06
pure_incorrectness,12,31839,0.3477457367634563,0.6281156530408774,-0.014242985329726565,0.8230898203649261,0.0004105230430166973
pure_incorrectness,12,19223,0.28027884948077425,0.6278307933342828,-0.042728955989179696,0.8219053843975245,-0.0007739129243848897
pure_incorrectness,12,31615,0.23516925533534988,0.6288278023073636,0.05697194131889516,0.8235185195872551,0.0008392222653457182
pure_incorrectness,12,1514,0.22470335273481318,0.6282580828941746,0.0,0.8226893265685074,1.0029246597986763e-05
pure_incorrectness,12,22949,0.19425717247145283,0.6282580828941746,0.0,0.822678915537223,-3.817846863096719e-07
pure_incorrectness,13,1223,0.3053767486958684,0.6281156530408774,-0.014242985329726565,0.8235517874570465,0.0008724901351371273
pure_incorrectness,13,10350,0.29435877079448125,0.6282580828941746,0.0,0.8227830489532588,0.00010375163134945797
pure_incorrectness,13,9162,0.2539322456662836,0.6282580828941746,0.0,0.8226794250806367,1.2775872737513794e-07
pure_incorrectness,13,9074,0.24885700996193877,0.6278307933342828,-0.042728955989179696,0.8231530840825801,0.0004737867606707802
pure_incorrectness,13,19433,0.22589484553388522,0.6279732231875801,-0.02848597065945313,0.8227603391966647,8.104187475532765e-05
pure_incorrectness,14,14568,0.3244659362730045,0.6282580828941746,0.0,0.8227183720573948,3.907473548547813e-05
pure_incorrectness,14,29647,0.2677831943611908,0.6282580828941746,0.0,0.8231169014215138,0.00043760409960447166
pure_incorrectness,14,27824,0.24774807822896786,0.6282580828941746,0.0,0.8227643493934086,8.505207149922533e-05
pure_incorrectness,14,5988,0.2321315716677202,0.6285429426007692,0.02848597065945313,0.8220958462393018,-0.0005834510826076
pure_incorrectness,14,6001,0.2250238724040854,0.6282580828941746,0.0,0.8228331005236293,0.00015380320171998196
pure_incorrectness,15,27676,0.27527258344933453,0.6278307933342828,-0.042728955989179696,0.8190520457985624,-0.003627251523346975
pure_incorrectness,15,32546,0.2636163947545569,0.6281156530408774,-0.014242985329726565,0.8269880305756275,0.004308733253718167
pure_incorrectness,15,26830,0.24559782728899984,0.6282580828941746,0.0,0.8227047609622151,2.5463640305756208e-05
pure_incorrectness,15,6023,0.2218568820938737,0.6282580828941746,0.0,0.8227039356735211,2.4638351611705467e-05
pure_incorrectness,15,24692,0.2084054943176907,0.6284005127474719,0.014242985329726565,0.8226989606324264,1.9663310517059607e-05
pure_incorrectness,16,24453,0.2592726727517703,0.6284005127474719,0.014242985329726565,0.8222222727988848,-0.00045702452302454066
pure_incorrectness,16,15955,0.2554309947508754,0.6284005127474719,0.014242985329726565,0.8217443528314136,-0.0009349444904958037
pure_incorrectness,16,10513,0.250405682165887,0.6281156530408774,-0.014242985329726565,0.8231379463882679,0.00045864906635850744
pure_incorrectness,16,16656,0.24296463445026953,0.6278307933342828,-0.042728955989179696,0.8227668909663477,8.759364443833295e-05
pure_incorrectness,16,6985,0.21491773836973618,0.6282580828941746,0.0,0.8227403485381347,6.105121622534959e-05
pure_incorrectness,17,1510,0.3852171578254866,0.6271186440677966,-0.11394388263780142,0.8508375897944417,0.02815829247253232
pure_incorrectness,17,7968,0.36943225001816477,0.6276883634809857,-0.05697194131889516,0.8274737162038783,0.004794418881968965
pure_incorrectness,17,7747,0.34323145962049495,0.6284005127474719,0.014242985329726565,0.8235840310203727,0.0009047336984633336
pure_incorrectness,17,19943,0.3091601680948501,0.6302521008403361,0.1994017946161497,0.8211830213230611,-0.0014962759988482732
pure_incorrectness,17,24975,0.291704612755523,0.6281156530408774,-0.014242985329726565,0.8227060540632186,2.6756741309252874e-05
pure_incorrectness,18,20131,0.2663984643944214,0.6278307933342828,-0.042728955989179696,0.8249868911933358,0.0023075938714264277
pure_incorrectness,18,12836,0.2605135775222206,0.6282580828941746,0.0,0.8226988328283334,1.9535506424084303e-05
pure_incorrectness,18,3386,0.24103393385802538,0.6282580828941746,0.0,0.8227008116294774,2.1514307568026858e-05
pure_incorrectness,18,17642,0.1942571724714529,0.6282580828941746,0.0,0.8226801329627293,8.356408199849952e-07
pure_incorrectness,18,12518,0.19425717247145285,0.6282580828941746,0.0,0.8226785153314247,-7.819904846995129e-07
pure_incorrectness,19,23191,0.32044426725987873,0.6279732231875801,-0.02848597065945313,0.8226970036113108,1.7706289401453468e-05
pure_incorrectness,19,10140,0.32037432133917665,0.6284005127474719,0.014242985329726565,0.8227774341166361,9.813679472669978e-05
pure_incorrectness,19,273,0.2637135120860224,0.6282580828941746,0.0,0.8226674777922417,-1.1819529667667084e-05
pure_incorrectness,19,14984,0.2576514614859662,0.6282580828941746,0.0,0.8226668754276305,-1.242189427885787e-05
pure_incorrectness,19,24717,0.2244028325284181,0.6284005127474719,0.014242985329726565,0.8233418888643887,0.0006625915424793849
pure_incorrectness,20,12223,0.2080210083999744,0.6282580828941746,0.0,0.8226941462186759,1.4848896766506137e-05
pure_incorrectness,20,4821,0.19425717247145288,0.6282580828941746,0.0,0.8226791711905095,-1.261313998801583e-07
pure_incorrectness,20,30003,0.19425717247145288,0.6282580828941746,0.0,0.8226452842467525,-3.401307515682461e-05
pure_incorrectness,20,14683,0.19425717247145285,0.6282580828941746,0.0,0.822677097782326,-2.1995395833585007e-06
pure_incorrectness,20,16200,0.19145076914543666,0.6282580828941746,0.0,0.8226975130727479,1.8215750838490585e-05
pure_incorrectness,21,22187,0.21895490633033773,0.6282580828941746,0.0,0.8227095425123896,3.0245190480227002e-05
pure_incorrectness,21,13390,0.1965859423305281,0.6282580828941746,0.0,0.8226918317622967,1.253444038729068e-05
pure_incorrectness,21,9409,0.19425717247145288,0.6282580828941746,0.0,0.8226797642613942,4.6693948485554415e-07
pure_incorrectness,21,5471,0.1942571724714528,0.6282580828941746,0.0,0.8226792270682721,-7.025363724100231e-08
pure_incorrectness,21,1397,0.18514891197304492,0.6282580828941746,0.0,0.8227148976328461,3.5600310936745316e-05
pure_incorrectness,22,31657,0.5558014198969049,0.6289702321606608,0.07121492664862172,0.8211823788596474,-0.0014969184622619647
pure_incorrectness,22,49,0.36783931173531353,0.6276883634809857,-0.05697194131889516,0.8150021797743131,-0.007677117547596257
pure_incorrectness,22,8687,0.36414820201798304,0.6281156530408774,-0.014242985329726565,0.8232416543509218,0.0005623570290124169
pure_incorrectness,22,11061,0.31407949176414507,0.6282580828941746,0.0,0.826482176817179,0.0038028794952695844
pure_incorrectness,22,10944,0.23745086586876737,0.6281156530408774,-0.014242985329726565,0.8188101687305298,-0.003869128591379556
pure_incorrectness,23,14449,0.39975851681703206,0.6279732231875801,-0.02848597065945313,0.8252618990951543,0.0025826017732449857
pure_incorrectness,23,1619,0.3369891920933259,0.6279732231875801,-0.02848597065945313,0.8233572847689792,0.0006779874470698166
pure_incorrectness,23,2163,0.2707528774532339,0.6282580828941746,0.0,0.8225859469720734,-9.335034983593005e-05
pure_incorrectness,23,4225,0.21616973943617215,0.6282580828941746,0.0,0.8226713015326614,-7.995789247927654e-06
pure_incorrectness,23,6215,0.19425717247145288,0.6282580828941746,0.0,0.8226795545903195,2.572684101309619e-07
pure_incorrectness,24,17860,0.32275033260556724,0.6282580828941746,0.0,0.8230405308015983,0.00036123347968897157
pure_incorrectness,24,5015,0.26027556089334103,0.6284005127474719,0.014242985329726565,0.8231320529112325,0.0004527555893231172
pure_incorrectness,24,21566,0.1942571724714528,0.6282580828941746,0.0,0.8226795509738006,2.536518912688024e-07
pure_incorrectness,24,14306,0.1827458870073368,0.6282580828941746,0.0,0.8226656279037312,-1.3669418178152704e-05
pure_incorrectness,25,1130,0.2344578251645351,0.6282580828941746,0.0,0.8226212035314633,-5.8093790446078764e-05
pure_incorrectness,25,10122,0.19425717247145288,0.6282580828941746,0.0,0.8226786812222467,-6.160996626203286e-07
pure_incorrectness,26,517,0.32343136962250435,0.6285429426007692,0.02848597065945313,0.8256172500789514,0.002937952757042006
pure_incorrectness,26,15702,0.29930379996897105,0.6282580828941746,0.0,0.8229124113206887,0.00023311399877934402
pure_incorrectness,26,7802,0.2621155223793368,0.6284005127474719,0.014242985329726565,0.8222951357680155,-0.0003841615538938692
pure_incorrectness,26,28608,0.1942571724714529,0.6282580828941746,0.0,0.8226792090111464,-8.831076292459272e-08
pure_incorrectness,26,9352,0.19425717247145285,0.6282580828941746,0.0,0.8226805296899631,1.2323680537162929e-06
pure_incorrectness,27,7872,0.37798251065908167,0.6110240706452073,-1.7234012248967367,0.9933398387505872,0.17066054142867781
pure_incorrectness,27,24443,0.33240734499630614,0.6282580828941746,0.0,0.8226813764912667,2.0791693573496417e-06
pure_incorrectness,27,22133,0.1942571724714528,0.6282580828941746,0.0,0.8226801674013694,8.700794600358108e-07
pure_incorrectness,27,32685,0.18560768648127668,0.6282580828941746,0.0,0.8226778260407643,-1.4712811450268148e-06
pure_incorrectness,28,9966,0.3474153315473113,0.6259792052414186,-0.22788776527560284,0.7739900901745661,-0.04868920714734326
pure_incorrectness,28,27665,0.3167679185101247,0.6281156530408774,-0.014242985329726565,0.8225919814019484,-8.731591996091748e-05
pure_incorrectness,28,13551,0.19425717247145283,0.6282580828941746,0.0,0.8226806040705492,1.3067486398510297e-06
pure_incorrectness,28,23025,0.19425717247145277,0.6282580828941746,0.0,0.8226819819557323,2.684633822913618e-06
pure_incorrectness,28,7923,0.17243632688352373,0.6282580828941746,0.0,0.822679005430213,-2.918916963690066e-07
pure_incorrectness,29,10508,0.19425717247145288,0.6282580828941746,0.0,0.8226800099756209,7.126537114876541e-07
pure_incorrectness,29,13027,0.1942571724714528,0.6282580828941746,0.0,0.8226795344182519,2.370963425590844e-07
pure_incorrectness,29,16012,0.1942571724714528,0.6282580828941746,0.0,0.8226798731220066,5.758000972688748e-07
pure_incorrectness,29,11983,0.18648708369015357,0.6282580828941746,0.0,0.8226816844885694,2.387166660011708e-06
pure_incorrectness,29,20608,0.17710983559812493,0.6282580828941746,0.0,0.822677209216843,-2.0881050664112166e-06
pure_incorrectness,30,13522,0.3594363719721611,0.6282580828941746,0.0,0.8225459328429049,-0.0001333644790044719
pure_incorrectness,30,18829,0.24277928194142434,0.6284005127474719,0.014242985329726565,0.8230151881476693,0.00033589082575991025
pure_incorrectness,30,5755,0.19425717247145288,0.6282580828941746,0.0,0.8226799272159172,6.29894007841969e-07
pure_incorrectness,30,18206,0.19425717247145288,0.6282580828941746,0.0,0.8226783741619705,-9.231599388259681e-07
pure_incorrectness,30,23160,0.19425717247145283,0.6282580828941746,0.0,0.8226790444712129,-2.528506964916133e-07
pure_incorrectness,31,12933,0.2806509616646145,0.6282580828941746,0.0,0.8225226676396112,-0.00015662968229812613
pure_incorrectness,31,4388,0.27282944233908335,0.6121635094715853,-1.6094573422589353,0.8118060127018332,-0.010873284620076196
pure_incorrectness,31,22415,0.2681282418203216,0.6282580828941746,0.0,0.8226775569189168,-1.7404029926115783e-06
pure_incorrectness,31,3088,0.24235972548127607,0.6282580828941746,0.0,0.8226806265846524,1.3292627429883908e-06
pure_incorrectness,31,1878,0.23684914545194205,0.6282580828941746,0.0,0.8226647972767456,-1.4500045163789999e-05
